{"num_means": [1821.6230308834092, 2.6294948527651423, 2.7373473785013167, 1990.541321522624, 277.45654776155135, 0.5862039717500599, 4.935639454153698, 2214.735216662677, 221.17840703854438, 27.938796720134064, 3.0, 3.0, 0.0, 9.727201989598639, 11.969761572848288, 12.310390010178622, 19.2554152423432, 9.156957690366438], "num_scales": [1352.5233031521677, 1.3995284812636601, 1.5277297855219472, 14.920413861476778, 336.6605955007868, 19.732165434909486, 1.4671271330948605, 553.9848140390338, 30.993740821344606, 2.9870941485672744, 1.0, 1.0, 1.0, 6.856724958406872, 6.159902257139638, 5.369832515123523, 6.101900800491699, 5.481467105983355], "cat_categories": [["BRECKENRIDGE", "COPPERMOUNTAIN", "DILLON", "FRISCO", "KEYSTONE", "OTHER", "SILVERTHORNE"], ["Condo", "Other", "Single Family", "Townhouse"]], "input_features": {"numeric": ["sfla", "beds", "baths", "year_blt", "garage_size", "acres", "mortgage_rate", "sp500", "cpi", "summit_pop", "grade_numeric", "cond_numeric", "scenic_view", "dist_breck", "dist_keystone", "dist_copper", "dist_abasin", "dist_dillon"], "categorical": ["city", "prop_type"]}}