{"num_means": [1825.4141880374618, 2.634726983701377, 2.7524945894700554, 1991.209066707525, 279.75789554325553, 0.5613960220634708, 5.053237316377147, 2735.629087583552, 236.8313511003007, 28.5432269549729, 3.0, 3.0, 0.0, 6.398254038380287, 6.47740804333668, 5.76450050963458, 7.382521128174395, 5.675586194874348], "num_scales": [1439.3892452430732, 1.5863691263450734, 1.694125396190769, 15.582159817920184, 427.9357155741999, 18.33446163482104, 1.5216074313175996, 1212.0096078969991, 42.54872660310772, 2.9333065585338285, 1.0, 1.0, 1.0, 4.502775088501833, 3.2238865788696898, 2.814557967831445, 3.432361091444098, 3.4032813750482713], "cat_categories": [["BRECKENRIDGE", "COPPERMOUNTAIN", "DILLON", "FRISCO", "KEYSTONE", "OTHER", "SILVERTHORNE"], ["Condo", "Other", "Single Family", "Townhouse"]], "y_mean": [13.132164102458171], "y_scale": [0.7969247428058313], "input_features": {"numeric": ["sfla", "beds", "baths", "year_blt", "garage_size", "acres", "mortgage_rate", "sp500", "cpi", "summit_pop", "grade_numeric", "cond_numeric", "scenic_view", "dist_breck", "dist_keystone", "dist_copper", "dist_abasin", "dist_dillon"], "categorical": ["city", "prop_type"]}, "run_id": 8}