LocationType,Percentage
In-State (Out of County),37.523664122137404
In-County,32.75114503816794
Out of State,29.725190839694655
