OwnerType,Percentage
Individual,61.40458015267175
Trust,19.65496183206107
LLC / Limited Liability,15.648854961832063
Corporation,2.213740458015267
Partnership,1.035114503816794
Church / Religious,0.042748091603053436
