{"gbm": {"mae": 288602.47633389884, "r2": 0.1361260262467655}, "nn": {"mae": 218740.94647057238, "r2": 0.048273899584650004}}