{"gbm": {"mae": 288602.47633389884, "r2": 0.1361260262467655}, "nn": {"mae": 200855.53125}}